Date,Actual,Forecast,Uncertainty_Std
2019-01-02,0.2714264342266834,0.3112237,0.030684141
2019-01-03,0.2739296037001434,0.30147958,0.025615081
2019-01-04,0.2904797698019412,0.2972601,0.02544481
2019-01-07,0.2926949580344652,0.29840806,0.034437105
2019-01-08,0.2850593506787572,0.30179736,0.030049644
2019-01-09,0.285490041689045,0.30428472,0.025883943
2019-01-10,0.2861566698909212,0.3008028,0.035871327
2019-01-11,0.2852492236838019,0.2825326,0.027771188
2019-01-14,0.2856163874468406,0.29208487,0.027481215
2019-01-15,0.2803760987757738,0.2864819,0.032661628
2019-01-16,0.2690779964730209,0.2835575,0.025981821
2019-01-17,0.2699076678946388,0.26261258,0.02197391
2019-01-18,0.2647740653871133,0.24996178,0.023343707
2019-01-22,0.2632875719426654,0.2375676,0.024115343
2019-01-23,0.247880964678987,0.23163986,0.022016708
2019-01-24,0.2188938466341582,0.21196316,0.02158689
2019-01-25,0.1560521472479208,0.18900557,0.017372405
2019-01-28,0.1599706335325895,0.17246117,0.015343483
2019-01-29,0.1600420405046977,0.1558708,0.014503621
2019-01-30,0.1646342303546007,0.14988911,0.0154149225
2019-01-31,0.1653769761361498,0.14190876,0.012879228
2019-02-01,0.130731239961272,0.12883341,0.01131817
2019-02-04,0.0862805128368223,0.10967217,0.011522864
2019-02-05,0.0856546965921371,0.1062927,0.009811733
2019-02-06,0.0849944536027851,0.095125236,0.009548579
2019-02-07,0.0935117788508257,0.09329673,0.009535994
2019-02-08,0.0933350014715193,0.09141076,0.009168501
2019-02-11,0.0931530422535356,0.09387259,0.008048612
2019-02-12,0.0955937162126877,0.09215465,0.007775509
2019-02-13,0.0920784935743874,0.09032175,0.0065107704
2019-02-14,0.0936399081795366,0.08757083,0.007895639
2019-02-15,0.0961319858069705,0.0805489,0.0076995543
2019-02-19,0.0893820030983549,0.08207746,0.0073955487
2019-02-20,0.0715536878903096,0.08018174,0.0060525374
2019-02-21,0.0741796363026509,0.076485895,0.0076101525
2019-02-22,0.0750235488216919,0.07382237,0.0071260952
2019-02-25,0.0728014785356401,0.07198283,0.0066033914
2019-02-26,0.0658186114553546,0.07061185,0.0066936654
2019-02-27,0.0653080933427177,0.06449518,0.006330783
2019-02-28,0.0539799426953966,0.059120346,0.0062997285
2019-03-01,0.0523091084709096,0.057325583,0.0058317594
2019-03-04,0.0548661490101484,0.05424839,0.006806472
2019-03-05,0.0529694803024752,0.049659878,0.006892852
2019-03-06,0.0563576120924039,0.04910913,0.0064449594
2019-03-07,0.0616631567896455,0.050873734,0.0069326074
2019-03-08,0.0543883517663154,0.05726172,0.0074325074
2019-03-11,0.0684904082789244,0.06274979,0.0073831324
2019-03-12,0.0686187654393843,0.06505571,0.0064114
2019-03-13,0.0611557423939258,0.063639544,0.0070623956
2019-03-14,0.0611670045143119,0.06237381,0.0072034914
2019-03-15,0.0611327219933374,0.06367519,0.007773286
2019-03-18,0.0542125983906014,0.06475607,0.0084104175
2019-03-19,0.0542934562418516,0.06642196,0.008991969
2019-03-20,0.0553951464701821,0.06610985,0.0075973314
2019-03-21,0.0612539481334817,0.06473228,0.008695806
2019-03-22,0.0862604976712471,0.066237085,0.007843451
2019-03-25,0.0862341496051811,0.0784045,0.008490319
2019-03-26,0.0890677056545439,0.08939897,0.009342643
2019-03-27,0.090503451713539,0.09475174,0.010033113
2019-03-28,0.0904916116626668,0.09963859,0.008346346
2019-03-29,0.0903733815071434,0.09832124,0.008410833
2019-04-01,0.0955137956626751,0.09536614,0.008693053
2019-04-02,0.0952649897953796,0.09229147,0.0073584756
2019-04-03,0.0914552846268744,0.08749241,0.008580487
2019-04-04,0.0851637880559789,0.08412798,0.006970935
2019-04-05,0.0841220030941051,0.07797858,0.008583795
2019-04-08,0.0744907502132797,0.07239506,0.008280247
2019-04-09,0.0784915290634213,0.06867005,0.008027615
2019-04-10,0.0767806460859328,0.06637702,0.007825393
2019-04-11,0.0765642976009919,0.068242595,0.0070305653
2019-04-12,0.0774933475736432,0.06725864,0.008629193
2019-04-15,0.0774014818561546,0.063709185,0.0068928683
2019-04-16,0.0773090596168648,0.062353536,0.007460691
2019-04-17,0.0769592823610856,0.058226775,0.008324141
2019-04-18,0.0705578153590496,0.054717302,0.008596255
2019-04-22,0.0348395359050047,0.047584683,0.008075369
2019-04-23,0.0385632363042444,0.039809767,0.007851281
2019-04-24,0.037890702406304,0.036208883,0.0068874387
2019-04-25,0.033829448665277,0.035960857,0.008285433
2019-04-26,0.0342981485479237,0.03268668,0.009392187
2019-04-29,0.0319950426345172,0.032056525,0.00952251
2019-04-30,0.0201365222878976,0.030012662,0.0091679245
2019-05-01,0.0293899019357564,0.028500972,0.009803171
2019-05-02,0.0302324907299403,0.03279412,0.0085286405
2019-05-03,0.038127100031237,0.033872925,0.009498576
2019-05-06,0.0396621890230532,0.033119302,0.008576551
2019-05-07,0.0640219733723538,0.036586348,0.007071673
2019-05-08,0.0614643147845638,0.045569945,0.009163952
2019-05-09,0.0610990518208916,0.05896313,0.008796289
2019-05-10,0.0622783390924229,0.067364104,0.009283274
2019-05-13,0.0948331477132937,0.07584506,0.010463486
2019-05-14,0.0997946593141957,0.09208064,0.012261598
2019-05-15,0.1022724429685131,0.10361754,0.0109157255
2019-05-16,0.1069906285785245,0.110697195,0.011148945
2019-05-17,0.108178401987855,0.11547476,0.010144361
2019-05-20,0.1097009878114117,0.12170022,0.009760963
2019-05-21,0.1093556519718662,0.12519951,0.008901609
2019-05-22,0.1094404102583175,0.1259685,0.008998231
2019-05-23,0.1149007415441164,0.12716267,0.010090615
2019-05-24,0.11327846093279,0.13151498,0.010368923
2019-05-28,0.1146568334445157,0.13302025,0.009043612
2019-05-29,0.1149280224125124,0.13857546,0.010736453
2019-05-30,0.1148183090870894,0.13999738,0.010570086
2019-05-31,0.1203161832201747,0.13887501,0.010699063
2019-06-03,0.1122625652258536,0.14629626,0.010398396
2019-06-04,0.1389854213039664,0.15252611,0.011400354
2019-06-05,0.1333413463593943,0.14586076,0.01281028
2019-06-06,0.1354231014259167,0.15159026,0.012695647
2019-06-07,0.1400516631542478,0.14953355,0.010003034
2019-06-10,0.1403776348403208,0.14398834,0.012459495
2019-06-11,0.1113094745632061,0.14232707,0.011401461
2019-06-12,0.1093366605707636,0.13306053,0.011027423
2019-06-13,0.1085853521781169,0.13217705,0.011997796
2019-06-14,0.1051063883227203,0.12716183,0.010299295
2019-06-17,0.1030663806972923,0.12139924,0.009920219
2019-06-18,0.1039719467556812,0.11665582,0.0093459645
2019-06-19,0.101305614176161,0.11186922,0.009148619
2019-06-20,0.1038463179648066,0.10833205,0.011154202
2019-06-21,0.093633236704314,0.105085365,0.010564901
2019-06-24,0.0944623580806956,0.10239354,0.010594582
2019-06-25,0.0958833591815916,0.09870819,0.010526613
2019-06-26,0.0917836619764622,0.095092356,0.010646876
2019-06-27,0.0919079539366439,0.084974095,0.007902248
2019-06-28,0.0761741151693757,0.07863656,0.0078095966
2019-07-01,0.0745535766806169,0.06466379,0.009997633
2019-07-02,0.0503914231241284,0.05718068,0.0071353246
2019-07-03,0.0499711163850118,0.050112303,0.007923115
2019-07-05,0.0507473208912825,0.045925163,0.008409555
2019-07-08,0.0489759570626543,0.044855896,0.00736333
2019-07-09,0.048202766837922,0.045889065,0.006998705
2019-07-10,0.0485231320458379,0.0429567,0.00624507
2019-07-11,0.0471163664604496,0.04523488,0.0071675493
2019-07-12,0.0473322936512307,0.045976467,0.0078107375
2019-07-15,0.0464124259640852,0.048890248,0.0072381105
2019-07-16,0.048979118379993,0.046024784,0.007026974
2019-07-17,0.0489110121204512,0.04491183,0.0065708323
2019-07-18,0.0491356155612084,0.048132844,0.007908784
2019-07-19,0.046763336770973,0.04827492,0.0074953767
2019-07-22,0.0469873907463378,0.049252942,0.008836919
2019-07-23,0.049658245874108,0.047090814,0.0079354495
2019-07-24,0.0395706750777621,0.04700912,0.0065859132
2019-07-25,0.043402613814207,0.04299712,0.0076052356
2019-07-26,0.0460346153637542,0.043588005,0.009099696
2019-07-29,0.0452894523930588,0.04214246,0.0072863894
2019-07-30,0.0424795898449781,0.043742385,0.0080108475
2019-07-31,0.0536075420080429,0.04312886,0.00788181
2019-08-01,0.0547337304114025,0.049018487,0.008419308
2019-08-02,0.0580539967995867,0.065511525,0.009549109
2019-08-05,0.1087440055764084,0.08363832,0.011469498
2019-08-06,0.1192862938736296,0.1176105,0.013093792
2019-08-07,0.1176985613332199,0.13192292,0.011917833
2019-08-08,0.1354982484377556,0.14013167,0.016191846
2019-08-09,0.1351965977090879,0.14427611,0.014578344
2019-08-12,0.1397302451146012,0.14896628,0.01298905
2019-08-13,0.1512102763612677,0.15926555,0.011078545
2019-08-14,0.1791319005438285,0.1609256,0.013847267
2019-08-15,0.1787055931581051,0.18123646,0.017167443
2019-08-16,0.1871921989887325,0.19287764,0.016700683
2019-08-19,0.1924773036826391,0.19608198,0.016602727
2019-08-20,0.1916598562559633,0.20030418,0.0184588
2019-08-21,0.1935345466326486,0.20549923,0.018208921
2019-08-22,0.1930975408503444,0.20312673,0.022638446
2019-08-23,0.2084697294859357,0.20629619,0.019398864
2019-08-26,0.2140476142534907,0.21942955,0.021479873
2019-08-27,0.2140648482177228,0.22096615,0.020750687
2019-08-28,0.213858310566483,0.22353362,0.02172636
2019-08-29,0.2174684632268321,0.21154198,0.021238886
2019-08-30,0.2160444939628165,0.20880175,0.019821348
2019-09-03,0.188249730023345,0.19774343,0.02099759
2019-09-04,0.1866957264156749,0.18857281,0.014770692
2019-09-05,0.1911904395501581,0.18502365,0.014554534
2019-09-06,0.1809630214145267,0.17963074,0.016440468
2019-09-09,0.1790588606776743,0.17826645,0.01747822
2019-09-10,0.1724636893454955,0.1666124,0.012813962
2019-09-11,0.16699439836262,0.15897737,0.012999072
2019-09-12,0.1256236637862579,0.14669043,0.011224257
2019-09-13,0.1261941594683253,0.13415343,0.011197256
2019-09-16,0.1208000701303158,0.12973765,0.010605505
2019-09-17,0.1155911031682659,0.12599672,0.009200161
2019-09-18,0.1111179051287643,0.11688303,0.009145815
2019-09-19,0.1090023196084421,0.10591198,0.00998433
2019-09-20,0.1107996570628841,0.09737965,0.008514677
2019-09-23,0.0628500178373715,0.08209298,0.009358065
2019-09-24,0.065056329782005,0.06912345,0.008737081
2019-09-25,0.064670368524141,0.063178465,0.008614701
2019-09-26,0.0642780997976286,0.061933104,0.007709783
2019-09-27,0.0571537326855071,0.056114793,0.0074227285
2019-09-30,0.0586273863411508,0.055973835,0.007548533
2019-10-01,0.0671267334028341,0.052896164,0.006960709
2019-10-02,0.080891023087573,0.05611592,0.007696368
2019-10-03,0.0733479917410876,0.066532746,0.009000079
2019-10-04,0.0874473302096622,0.07630912,0.008544057
2019-10-07,0.0883665644612207,0.08719964,0.009397061
2019-10-08,0.1005051618041476,0.09365289,0.010349733
2019-10-09,0.1024388615378523,0.10446493,0.010541402
2019-10-10,0.1046736728207566,0.11140092,0.007909884
2019-10-11,0.111874849113373,0.11512051,0.008942066
2019-10-14,0.1115756949016017,0.11769795,0.010062215
2019-10-15,0.1163896985974499,0.12464575,0.009933997
2019-10-16,0.116528450022119,0.12747535,0.009795982
2019-10-17,0.1169585803841555,0.13291006,0.0101243025
2019-10-18,0.1165466318508537,0.13184427,0.011404558
2019-10-21,0.1187753737319564,0.13235043,0.009689988
2019-10-22,0.1157395498761585,0.12868045,0.009844975
2019-10-23,0.1144087685821013,0.12794892,0.00934463
2019-10-24,0.1141086968525642,0.12622663,0.011169168
2019-10-25,0.1127805753749628,0.12073433,0.009838507
2019-10-28,0.1130082313839751,0.11322169,0.009495972
2019-10-29,0.1035786910739777,0.10167826,0.010093922
2019-10-30,0.0796870204704006,0.09347809,0.009848469
2019-10-31,0.0796188332547313,0.07967203,0.008612084
2019-11-01,0.073724471919885,0.06956375,0.009644139
2019-11-04,0.0708803806553326,0.06113758,0.008840879
2019-11-05,0.0451278183581481,0.052247144,0.0071448656
2019-11-06,0.0418832311446004,0.04442924,0.00804791
2019-11-07,0.0404306481377952,0.03750665,0.008119236
2019-11-08,0.0326702001307805,0.031854864,0.009470574
2019-11-11,0.0331359277608921,0.028336953,0.01015565
2019-11-12,0.0255171594423504,0.024517946,0.012053118
2019-11-13,0.02396701479637,0.025227677,0.012290105
2019-11-14,0.0239036244107866,0.02131846,0.012413933
2019-11-15,0.0237873975817066,0.021528805,0.012383277
2019-11-18,0.0210973554315121,0.021873858,0.010421455
2019-11-19,0.0178009204882035,0.020702658,0.010315473
2019-11-20,0.0219708528322018,0.020049503,0.008782293
2019-11-21,0.0232794096017938,0.024103478,0.010773909
2019-11-22,0.0224809162398802,0.020322474,0.009572924
2019-11-25,0.0249290077083656,0.02217536,0.0105591845
2019-11-26,0.0242318842908495,0.022439709,0.011896515
2019-11-27,0.0246928927696137,0.02506119,0.008724905
2019-11-29,0.0259711217423602,0.01975162,0.01156106
2019-12-02,0.0292031383608323,0.02294009,0.011740463
2019-12-03,0.0337979871512332,0.026653435,0.00960373
2019-12-04,0.0371649170299528,0.036596335,0.00891633
2019-12-05,0.037241157838985,0.043699652,0.007780376
2019-12-06,0.0436379435262937,0.04448152,0.009893128
2019-12-09,0.0448592324308172,0.042986184,0.008848166
2019-12-10,0.0444966520545714,0.048939757,0.008486047
2019-12-11,0.0448640339630377,0.046377882,0.00879693
2019-12-12,0.0499903704605885,0.049511366,0.009120575
2019-12-13,0.0500860769403511,0.047759872,0.008650673
2019-12-16,0.0494896803836462,0.048070163,0.008273664
2019-12-17,0.049510388568306,0.047770232,0.00881542
2019-12-18,0.0494643019114812,0.050300356,0.008624453
2019-12-19,0.0480256840402966,0.04814553,0.010824703
2019-12-20,0.0479981047221915,0.04894447,0.0081240805
2019-12-23,0.0480704128260044,0.048051786,0.0108279195
2019-12-24,0.0452213973932239,0.048502833,0.009641743
2019-12-26,0.0463878636737258,0.044158284,0.00844703
2019-12-27,0.0458992605952585,0.044232473,0.00904076
2019-12-30,0.0479059039902453,0.039089583,0.010016912
2019-12-31,0.0381324950366203,0.039180834,0.01417726
2020-01-02,0.0338038839981806,0.035152055,0.009268903
2020-01-03,0.0410868396881519,0.031449884,0.009733271
2020-01-06,0.0413001426702603,0.03269877,0.010293781
2020-01-07,0.037940695979125,0.0316644,0.009782727
2020-01-08,0.0366638095891501,0.031994235,0.008708759
2020-01-09,0.0378443723624708,0.033186983,0.009781423
2020-01-10,0.0402217361983634,0.031245962,0.009536629
2020-01-13,0.0383620451557113,0.032940898,0.009453455
2020-01-14,0.0391735597327849,0.03267052,0.009438325
2020-01-15,0.0361023458994592,0.031750675,0.009663722
2020-01-16,0.040364237691519,0.030846136,0.010331531
2020-01-17,0.0401051634649075,0.030386081,0.010480495
2020-01-21,0.0415675546357406,0.034781825,0.010856723
2020-01-22,0.0406983331854388,0.032942418,0.011958368
2020-01-23,0.0406691741773088,0.037549842,0.009408182
2020-01-24,0.0504589611576525,0.03991126,0.010513734
2020-01-27,0.0699446547989035,0.04421561,0.012464483
2020-01-28,0.0763966509902098,0.056828532,0.011426097
2020-01-29,0.0737270113302859,0.072356015,0.012684448
2020-01-30,0.0737841721039067,0.08159416,0.013682262
2020-01-31,0.0901484353760125,0.0803318,0.01375475
2020-02-03,0.0905090098981508,0.09477986,0.013941436
2020-02-04,0.1016834344862349,0.09828785,0.013827291
2020-02-05,0.1062534187791575,0.10381262,0.012958049
2020-02-06,0.1058135621325508,0.1051252,0.012339793
2020-02-07,0.1064413468106545,0.11457079,0.011433255
2020-02-10,0.1076765135468419,0.11421204,0.010154446
2020-02-11,0.1059455169934457,0.11888705,0.010729753
2020-02-12,0.106961616213934,0.119312555,0.012338854
2020-02-13,0.1074146895266385,0.11657096,0.011527117
2020-02-14,0.1046968623796174,0.11431496,0.009315803
2020-02-18,0.1049209350263075,0.11664752,0.01138608
2020-02-19,0.1050993065095438,0.11377778,0.009059521
2020-02-20,0.1062444488553466,0.11461289,0.009604851
2020-02-21,0.1124998888882875,0.10832469,0.008837222
2020-02-24,0.1585199844139083,0.108047634,0.009512407
2020-02-25,0.1820521729070709,0.1241549,0.011453373
2020-02-26,0.1770313671877465,0.15876251,0.0165275
2020-02-27,0.230458380693094,0.20492649,0.025292207
2020-02-28,0.2289059179824511,0.26574472,0.025009086
2020-03-02,0.2841996549974611,0.29621428,0.032734655
2020-03-03,0.2965868673773117,0.3000228,0.035263002
2020-03-04,0.3318435829064695,0.32833087,0.040616173
2020-03-05,0.3461800633096971,0.34035453,0.044634964
2020-03-06,0.3474045600564543,0.38599595,0.051068343
2020-03-09,0.4355609406480723,0.39663532,0.052220993
2020-03-10,0.4802700029238522,0.4875543,0.061581332
2020-03-11,0.5026731155041364,0.538328,0.0756083
2020-03-12,0.5944275788873982,0.6309162,0.07114238
2020-03-13,0.7055630203064587,0.6851181,0.082959935
2020-03-16,0.8226086325569276,0.73479134,0.104308024
2020-03-17,0.8674447964565375,0.8146076,0.09610326
2020-03-18,0.8754571335429912,0.86063504,0.104298264
2020-03-19,0.8778774768171117,0.882177,0.09622903
2020-03-20,0.8832225165983009,0.87110037,0.11630244
2020-03-23,0.8822722713468625,0.89820474,0.09765464
2020-03-24,0.9655712870619628,0.91281945,0.10257879
2020-03-25,0.9691200701469944,0.91557837,0.09980711
2020-03-26,0.9946275103754836,0.8929193,0.11270729
2020-03-27,1.0,0.9521256,0.12293461
2020-03-30,0.9918942999572457,0.93562376,0.1198765
2020-03-31,0.989301155730236,0.891955,0.11697514
2020-04-01,0.979537516270796,0.9208249,0.10565488
2020-04-02,0.9832302706991276,0.89716524,0.09099072
2020-04-03,0.983023336724018,0.87752324,0.098629065
2020-04-06,0.9823499765556296,0.8519165,0.10151822
2020-04-07,0.9632404133403204,0.82925135,0.114874825
2020-04-08,0.9552986794107928,0.80318975,0.09498692
2020-04-09,0.8735671903439303,0.72755814,0.08701698
2020-04-13,0.813586508763238,0.6975472,0.0818043
2020-04-14,0.6500128285873953,0.638583,0.076694466
2020-04-15,0.6302627520162757,0.5977356,0.069324315
2020-04-16,0.5895999475964284,0.55528283,0.057212293
2020-04-17,0.5933486735830836,0.51962614,0.07139985
2020-04-20,0.5676030768454813,0.5025762,0.058691174
2020-04-21,0.5690214040116476,0.4877648,0.049281202
2020-04-22,0.4845254661241208,0.44529343,0.052682873
2020-04-23,0.4848522127891451,0.4258584,0.045490343
2020-04-24,0.4399673462322603,0.39610848,0.040061697
2020-04-27,0.4167692795995368,0.378378,0.040385
2020-04-28,0.4058690742341393,0.35993794,0.039733462
2020-04-29,0.4054026086468489,0.34925994,0.041331712
2020-04-30,0.3614871976927964,0.34934536,0.038198497
2020-05-01,0.379944095229987,0.34542462,0.03286506
2020-05-04,0.3717339849231932,0.33087116,0.035831742
2020-05-05,0.2923921558025718,0.321211,0.0349047
2020-05-06,0.2943118814863398,0.2956157,0.03048629
2020-05-07,0.2742557009957645,0.29131538,0.029857026
2020-05-08,0.2757344381789577,0.27870777,0.03155594
2020-05-11,0.2719216545765419,0.27225167,0.028747726
2020-05-12,0.2644402393997312,0.26108006,0.024632875
2020-05-13,0.2596746859832395,0.2643508,0.022665374
2020-05-14,0.2618976138511104,0.25983742,0.024160016
2020-05-15,0.244743871211237,0.25753912,0.02323562
2020-05-18,0.2585746848307756,0.26278776,0.027835099
2020-05-19,0.2328391249375561,0.25463828,0.026910236
2020-05-20,0.2271690946406319,0.24788155,0.024958702
2020-05-21,0.2300210281099671,0.23803563,0.020100303
2020-05-22,0.2263033130196334,0.24917056,0.020972604
2020-05-26,0.2247475666211941,0.23926331,0.022004984
2020-05-27,0.2273598226093198,0.23306626,0.020599205
2020-05-28,0.2110791912158303,0.21842588,0.022784395
2020-05-29,0.2075887944183383,0.20940152,0.017459365
2020-06-01,0.1751320395770889,0.21517281,0.020772062
2020-06-02,0.1757665021546845,0.20790568,0.016765988
2020-06-03,0.1780454615219358,0.19718365,0.020297443
2020-06-04,0.1756230643731369,0.19309138,0.019214604
2020-06-05,0.1892784598116702,0.19053161,0.013290609
2020-06-08,0.1863246993144399,0.19199339,0.018837957
2020-06-09,0.1908494188156234,0.20336646,0.018008456
2020-06-10,0.1719444055737142,0.20801426,0.019557867
2020-06-11,0.2786137929833471,0.21261965,0.021617675
2020-06-12,0.2792625589453646,0.2425724,0.026323456
2020-06-15,0.2798348774030728,0.26059556,0.022732165
2020-06-16,0.2670245347637797,0.2761483,0.024242366
2020-06-17,0.2635808496821477,0.2719006,0.034964867
2020-06-18,0.2589631575005849,0.27542698,0.030655367
2020-06-19,0.2579743019993948,0.26186427,0.03099957
2020-06-22,0.2583582732707706,0.2756363,0.02672318
2020-06-23,0.2560361102175408,0.27008674,0.025159689
2020-06-24,0.2702711789363176,0.26790845,0.025620058
2020-06-25,0.2726863373613025,0.26448107,0.030170351
2020-06-26,0.2865280674500595,0.26924768,0.028224267
2020-06-29,0.2912277288103567,0.29059952,0.038175642
2020-06-30,0.294957521219614,0.3124811,0.03633122
2020-07-01,0.2914113448513672,0.30372095,0.03764927
2020-07-02,0.2915883704120164,0.3002417,0.03310495
2020-07-06,0.281895623533232,0.292567,0.033938177
2020-07-07,0.2804594010415085,0.28442746,0.025189668
2020-07-08,0.2811625869191282,0.2658828,0.025814563
2020-07-09,0.2812389806482847,0.24489272,0.02948364
2020-07-10,0.1756664002345053,0.22312929,0.024167607
2020-07-13,0.1766309164378167,0.20515811,0.017594166
2020-07-14,0.1797289785818868,0.19659926,0.0146667445
2020-07-15,0.1714455369611799,0.1917937,0.018506002
2020-07-16,0.171373847036332,0.18845919,0.017528348
2020-07-17,0.1713819404947757,0.18892664,0.016872218
2020-07-20,0.1706506599287213,0.1824356,0.015401256
2020-07-21,0.1700377822176016,0.1755658,0.015210641
2020-07-22,0.1703268949920372,0.1628371,0.014684536
2020-07-23,0.1471829996817683,0.14964372,0.012578792
2020-07-24,0.1474285779307847,0.14289905,0.010345928
2020-07-27,0.1147372085754203,0.13201278,0.010849669
2020-07-28,0.1128856588521851,0.1247561,0.009805534
2020-07-29,0.1095231829182227,0.12262008,0.008575459
2020-07-30,0.1109947687420672,0.114705436,0.007630824
2020-07-31,0.1122416155412066,0.108487085,0.007928553
2020-08-03,0.1037885513588142,0.103634365,0.008245499
2020-08-04,0.0945349741548681,0.09972691,0.008484652
2020-08-05,0.0937947981084235,0.097987756,0.008331723
2020-08-06,0.0904719751804942,0.09441685,0.008259374
2020-08-07,0.0872664687198961,0.09196963,0.007962095
2020-08-10,0.077777675338961,0.08962526,0.006466954
2020-08-11,0.0776654365856071,0.08653057,0.008041641
2020-08-12,0.0834507124638156,0.08698962,0.0075428584
2020-08-13,0.0825772813357945,0.08632663,0.0068266788
2020-08-14,0.0829518533639072,0.085449144,0.006998721
2020-08-17,0.0804749292399918,0.08644567,0.007700875
2020-08-18,0.0804758464724571,0.08292699,0.006556369
2020-08-19,0.081878553192961,0.080097765,0.0067997836
2020-08-20,0.068243427634535,0.0794755,0.00739857
2020-08-21,0.0626914567277445,0.07378795,0.0077613182
2020-08-24,0.0650082508824875,0.06964663,0.00833325
2020-08-25,0.0578891802552681,0.06485182,0.008037473
2020-08-26,0.0550470332881046,0.06334622,0.008598982
2020-08-27,0.0509666338295507,0.06454099,0.007678364
2020-08-28,0.0503757199702104,0.07056181,0.0076591787
2020-08-31,0.0516415965124565,0.07216049,0.009298647
2020-09-01,0.0532463516897833,0.07500256,0.011254899
2020-09-02,0.0636311901055856,0.07358605,0.009510149
2020-09-03,0.1421218722540283,0.07919614,0.01036829
2020-09-04,0.145845180510119,0.11266704,0.01599178
2020-09-08,0.1763453154055744,0.1395784,0.014198082
2020-09-09,0.1872483364782176,0.18414716,0.018760944
2020-09-10,0.1916390264981813,0.19349615,0.020558517
2020-09-11,0.1916034981505004,0.20911191,0.019934023
2020-09-14,0.1969242920784144,0.21362616,0.021945387
2020-09-15,0.1975207526106118,0.20181473,0.020352837
2020-09-16,0.1980835663221004,0.19634749,0.019921392
2020-09-17,0.1996870075711941,0.20754175,0.02083197
2020-09-18,0.2027803592565011,0.21137276,0.02123287
2020-09-21,0.2053431730768747,0.22055313,0.019824963
2020-09-22,0.205689296436848,0.22473179,0.022933153
2020-09-23,0.2186150187901052,0.23510243,0.025631873
2020-09-24,0.2144606207528428,0.25391105,0.021541847
2020-09-25,0.2242668246314629,0.25300756,0.030999811
2020-09-28,0.2315169855752658,0.26481685,0.027478838
2020-09-29,0.2316871937239136,0.2527913,0.026526945
2020-09-30,0.2320991426772916,0.2618095,0.025039563
2020-10-01,0.2248648765390687,0.24112867,0.016611643
2020-10-02,0.1922850011326532,0.22611673,0.024754858
2020-10-05,0.2018208424806855,0.2109799,0.017973235
2020-10-06,0.1823293107050043,0.2007703,0.016643696
2020-10-07,0.1789460981870363,0.1973704,0.015786046
2020-10-08,0.1682912129060939,0.19242547,0.01811947
2020-10-09,0.1699956705380826,0.19523844,0.01752134
2020-10-12,0.1732162096814841,0.193623,0.018738529
2020-10-13,0.1752205895350776,0.19435248,0.01834456
2020-10-14,0.176240754510842,0.19300766,0.016880786
2020-10-15,0.1729777067975481,0.18909721,0.014481943
2020-10-16,0.1666400562940345,0.18375072,0.012318362
2020-10-19,0.1723641115770226,0.17121544,0.015067888
2020-10-20,0.1700657029691565,0.1705109,0.012165943
2020-10-21,0.1438757790551447,0.1643599,0.012031703
2020-10-22,0.1440712515691859,0.16424206,0.012528438
2020-10-23,0.1368635780182265,0.1581714,0.014641085
2020-10-26,0.1456151377703957,0.15084176,0.011820254
2020-10-27,0.1449204813587172,0.14668489,0.011759736
2020-10-28,0.1889395171324614,0.15440585,0.010631517
2020-10-29,0.1931823637284031,0.1769596,0.013136987
2020-10-30,0.1948190635890322,0.1866735,0.015440703
2020-11-02,0.1888618284207532,0.20215568,0.016747436
2020-11-03,0.1939666879488292,0.20193776,0.017924128
2020-11-04,0.1995976354648774,0.2034218,0.013748321
2020-11-05,0.2087015030063391,0.20180182,0.018321335
2020-11-06,0.2067421389849374,0.20998453,0.01791687
2020-11-09,0.2028260247023203,0.20950672,0.021505367
2020-11-10,0.2015267700383343,0.21734644,0.020000642
2020-11-11,0.2012187180977799,0.23026432,0.020620985
2020-11-12,0.2047977655515207,0.2277847,0.021333687
2020-11-13,0.2094939115271776,0.22733468,0.021217909
2020-11-16,0.2015777362722394,0.22210285,0.021113653
2020-11-17,0.2031493721245952,0.20979753,0.018371778
2020-11-18,0.2084025820511738,0.21889524,0.019223548
2020-11-19,0.2081928702981776,0.21629497,0.018962337
2020-11-20,0.2102215979324183,0.21478361,0.019692287
2020-11-23,0.1973541536365707,0.20831013,0.01701818
2020-11-24,0.2015673719633776,0.1949732,0.019153615
2020-11-25,0.1450723860958328,0.18374927,0.013852572
2020-11-27,0.1433678375437912,0.16701257,0.015434301
2020-11-30,0.1347370623112971,0.1588016,0.013696487
2020-12-01,0.1341347987801239,0.1573623,0.011804348
2020-12-02,0.1269467869221186,0.14050329,0.014649348
2020-12-03,0.1121002703028651,0.13534386,0.007901228
2020-12-04,0.0997893082010113,0.12117947,0.0105422065
2020-12-07,0.1004580765448553,0.11278697,0.010148193
2020-12-08,0.095624821041482,0.10502346,0.00856261
2020-12-09,0.1004855273849344,0.10463705,0.010549913
2020-12-10,0.098887065859713,0.09857024,0.008865709
2020-12-11,0.0917121122795013,0.09743939,0.009350202
2020-12-14,0.0846695892690955,0.09426869,0.010364168
2020-12-15,0.0864232336763851,0.091867015,0.010805166
2020-12-16,0.0843095931430427,0.092687696,0.00779177
2020-12-17,0.0738285058645732,0.08770771,0.008353051
2020-12-18,0.0755703920629324,0.0832982,0.0096888635
2020-12-21,0.0727319114173445,0.08237259,0.0074838786
2020-12-22,0.0726572416601167,0.07760003,0.007826371
2020-12-23,0.0560545837190392,0.07824011,0.011205447
2020-12-24,0.0561372881937868,0.07497069,0.0068645426
2020-12-28,0.0605260726037978,0.07050489,0.0073639136
2020-12-29,0.0587372429533508,0.07260012,0.006891953
2020-12-30,0.0504076160783005,0.0730016,0.007472425
2020-12-31,0.0528283067041483,0.07225354,0.008515521
2021-01-04,0.071477245535817,0.07136712,0.007825455
2021-01-05,0.0696380063020053,0.07544399,0.008322409
2021-01-06,0.0710519388673198,0.07826732,0.00842951
2021-01-07,0.0832555654857493,0.08565096,0.008135636
2021-01-08,0.0781742056114066,0.08582358,0.008250963
2021-01-11,0.0821488570389216,0.08687939,0.009395462
2021-01-12,0.0816728063503483,0.08794993,0.008778995
2021-01-13,0.0790565815825429,0.08534746,0.007502093
2021-01-14,0.0728868030250296,0.08627099,0.008152301
2021-01-15,0.077544769472152,0.08438288,0.008028432
2021-01-19,0.0793896007214215,0.085591614,0.0074985204
2021-01-20,0.0874678017681444,0.08340075,0.0075057754
2021-01-21,0.0855084121629667,0.085815,0.008088211
2021-01-22,0.0860421055491126,0.08305907,0.008506364
2021-01-25,0.0860622241986711,0.08843852,0.00820366
2021-01-26,0.0867047882407666,0.087312385,0.00860052
2021-01-27,0.1226240292558981,0.088374525,0.008208954
2021-01-28,0.1262239290523898,0.114646815,0.011044825
2021-01-29,0.1432830225828866,0.13267386,0.012699344
2021-02-01,0.1519148206930404,0.15572539,0.016210644
2021-02-02,0.1485060064603122,0.15536089,0.01688658
2021-02-03,0.1472716952102509,0.1508167,0.017152851
2021-02-04,0.1500537551214666,0.15403146,0.013753351
2021-02-05,0.1429912394456708,0.14989515,0.016175367
2021-02-08,0.1438263929623792,0.14918236,0.014559446
2021-02-09,0.1414734870875681,0.15041804,0.012230793
2021-02-10,0.1415626352160878,0.1482676,0.013173958
2021-02-11,0.1415331707295219,0.14473306,0.01347422
2021-02-12,0.1407341625186582,0.14576563,0.013064148
2021-02-16,0.1374128727519168,0.1483595,0.011700244
2021-02-17,0.1359800191991026,0.14176504,0.014350907
2021-02-18,0.1304189361396914,0.14327127,0.014216836
2021-02-19,0.1307142168590456,0.146852,0.010970543
2021-02-22,0.1332302242517093,0.14477335,0.015168486
2021-02-23,0.1328065946364465,0.14211865,0.014256517
2021-02-24,0.1375354188760078,0.13353676,0.010524926
2021-02-25,0.1347188595442945,0.1165615,0.008310831
2021-02-26,0.1324232988172085,0.12159971,0.012869456
2021-03-01,0.1347625363387676,0.124285944,0.011585555
2021-03-02,0.1304135679232729,0.124171235,0.014541104
2021-03-03,0.1310474635652979,0.1255159,0.011866414
2021-03-04,0.1384109058115793,0.13044271,0.010779963
2021-03-05,0.1494618940828661,0.14071667,0.013297949
2021-03-08,0.149554240622521,0.14949591,0.014032015
2021-03-09,0.1555800548020683,0.15350641,0.013265482
2021-03-10,0.1571198478178374,0.15263472,0.012081111
2021-03-11,0.1611148339987828,0.16083151,0.01228637
2021-03-12,0.1610669717214762,0.1669113,0.01415088
2021-03-15,0.1617624423056962,0.1689556,0.015090603
2021-03-16,0.1618739392184797,0.17448418,0.014770412
2021-03-17,0.1620703867973617,0.18035291,0.013986547
2021-03-18,0.1697294615954862,0.17685825,0.017057205
2021-03-19,0.1696131114372144,0.18252212,0.015183239
2021-03-22,0.1687204667513232,0.18580355,0.017560992
2021-03-23,0.1711728023256924,0.18099172,0.014820519
2021-03-24,0.1675838781580177,0.1776629,0.012736328
2021-03-25,0.1440991343197323,0.16915,0.013025278
2021-03-26,0.1515171317959156,0.16208607,0.011056459
2021-03-29,0.1313525560030651,0.1534579,0.01296572
2021-03-30,0.1283922229465655,0.1499568,0.013446677
2021-03-31,0.118471227959705,0.14437374,0.012171785
2021-04-01,0.1097337787164056,0.12847427,0.009019317
2021-04-05,0.102557686351546,0.11635756,0.011896609
2021-04-06,0.0995498753921522,0.112707675,0.010934284
2021-04-07,0.0925955409973691,0.109066576,0.009407444
2021-04-08,0.0920525453656471,0.10689339,0.008419757
2021-04-09,0.0899898978299643,0.1045181,0.009210731
2021-04-12,0.090264280562629,0.100989915,0.011750633
2021-04-13,0.0892524195699181,0.10075027,0.010144352
2021-04-14,0.09072247962951,0.09841223,0.009730428
2021-04-15,0.0952168549690688,0.093347594,0.008434469
2021-04-16,0.0758535933738943,0.091628455,0.009134236
2021-04-19,0.079693022940989,0.087417975,0.010293011
2021-04-20,0.0843700706603721,0.08244255,0.007885877
2021-04-21,0.0800186316370873,0.08199255,0.0073121684
2021-04-22,0.0850356401617914,0.07836434,0.009593314
2021-04-23,0.0883701345158734,0.075650185,0.0082400255
2021-04-26,0.0769298880048321,0.07469194,0.008770232
2021-04-27,0.0766546909038453,0.07269799,0.008629502
2021-04-28,0.0751943862080552,0.07243227,0.007675961
2021-04-29,0.076175642921783,0.0687934,0.0078663435
2021-04-30,0.0766158040191644,0.066196434,0.007608707
2021-05-03,0.0654717809088351,0.06767688,0.008411535
2021-05-04,0.0696872510589063,0.067414425,0.008319032
2021-05-05,0.0696865125790487,0.0740954,0.009212641
2021-05-06,0.0724387471403677,0.07377371,0.008342954
2021-05-07,0.0721401589697748,0.07640899,0.009018032
2021-05-10,0.0808200980903746,0.07623411,0.010824155
2021-05-11,0.0855530283457973,0.07723283,0.0098227635
2021-05-12,0.1102641954274827,0.08302231,0.010721594
2021-05-13,0.1115979666498181,0.10459438,0.010970876
2021-05-14,0.1221396055434992,0.12046269,0.010998897
2021-05-17,0.1211205231408743,0.11998214,0.010437332
2021-05-18,0.1223720417800084,0.12181773,0.0109862145
2021-05-19,0.1182298212569149,0.12676184,0.011809508
2021-05-20,0.119802045836438,0.12734719,0.011174295
2021-05-21,0.1140598721132352,0.12862498,0.009986405
2021-05-24,0.118744080690455,0.13166896,0.013126508
2021-05-25,0.1189721453057446,0.13404658,0.012266415
2021-05-26,0.1190848341210625,0.13627535,0.011081725
2021-05-27,0.1169543682854736,0.13493632,0.011321963
2021-05-28,0.1143565132275509,0.13246924,0.012638668
2021-06-01,0.1140559508647083,0.13102096,0.010502129
2021-06-02,0.1116487089249033,0.12664245,0.010425442
2021-06-03,0.1124706503235097,0.12470869,0.0103098685
2021-06-04,0.1130132930968184,0.12501635,0.011750786
2021-06-07,0.1104235149802417,0.11869202,0.012293367
2021-06-08,0.1044735056860286,0.11085939,0.010624166
2021-06-09,0.1000773442095332,0.09800772,0.01050483
2021-06-10,0.0671668804308788,0.08872221,0.0103498725
2021-06-11,0.0592468284599035,0.072315186,0.008687367
2021-06-14,0.0435473022944648,0.05888367,0.009994582
2021-06-15,0.043226848077154,0.056499872,0.008576279
2021-06-16,0.0382493485767901,0.050136853,0.009297882
2021-06-17,0.0367532862837362,0.046326276,0.007805752
2021-06-18,0.0461487631106756,0.042914975,0.008566701
2021-06-21,0.0611845274102794,0.05388095,0.010465665
2021-06-22,0.0560684569615142,0.05095116,0.010843866
2021-06-23,0.0556900442385046,0.052420653,0.009622193
2021-06-24,0.0576597870100466,0.050726563,0.0084683625
2021-06-25,0.0581291191455456,0.049286198,0.010460251
2021-06-28,0.0582671611280357,0.05289916,0.009314811
2021-06-29,0.0581265823826208,0.0527778,0.010215999
2021-06-30,0.0581202830925148,0.052140865,0.009721614
2021-07-01,0.0574323209303772,0.05016669,0.008494129
2021-07-02,0.0560011775282654,0.049815618,0.0081432685
2021-07-06,0.0565618929095703,0.049085055,0.010763288
2021-07-07,0.0567264326377684,0.049939312,0.01025072
2021-07-08,0.0636695151820069,0.051947113,0.009372691
2021-07-09,0.0699794378395419,0.053067457,0.00846172
2021-07-12,0.0702217962345059,0.05556165,0.011547331
2021-07-13,0.0719488500114532,0.05828875,0.010109241
2021-07-14,0.071139286288224,0.05643507,0.009379933
2021-07-15,0.0693680901156762,0.054530665,0.011038775
2021-07-16,0.0747246149387302,0.048460346,0.009378101
2021-07-19,0.0805172459478696,0.04826813,0.009136898
2021-07-20,0.0824648842278803,0.05376844,0.008291935
2021-07-21,0.0845731725693992,0.058283404,0.007738688
2021-07-22,0.0842198627029242,0.063879155,0.008766174
2021-07-23,0.0875885524267307,0.06485874,0.008901638
2021-07-26,0.0874508249407193,0.06640281,0.008006396
2021-07-27,0.0896975149198872,0.071266256,0.008771713
2021-07-28,0.0897647594447312,0.07225714,0.008214855
2021-07-29,0.0902551893332459,0.0722693,0.009188061
2021-07-30,0.0918036266443282,0.070988216,0.010474316
2021-08-02,0.0893994512375206,0.07296672,0.0075566825
2021-08-03,0.0923101495436937,0.076080754,0.0090530915
2021-08-04,0.093566100762711,0.07406602,0.009690993
2021-08-05,0.0898425367151184,0.0718642,0.0092719225
2021-08-06,0.0835006769756573,0.07487324,0.008861454
2021-08-09,0.0831695323377255,0.07229846,0.00888034
2021-08-10,0.0820750486804168,0.07466217,0.009810357
2021-08-11,0.0820813648232551,0.071466394,0.009473406
2021-08-12,0.0815894006528225,0.06952279,0.008281469
2021-08-13,0.076385743762184,0.062334094,0.009008061
2021-08-16,0.0519622901624277,0.055895552,0.0082305325
2021-08-17,0.0440201281110679,0.046367027,0.008087335
2021-08-18,0.051695585594462,0.043796834,0.009831132
2021-08-19,0.0515419821533716,0.04359898,0.008951595
2021-08-20,0.0485162507019724,0.05185308,0.007673328
2021-08-23,0.0537287634354673,0.05440583,0.009716837
2021-08-24,0.0511782955001787,0.052948963,0.0096228225
2021-08-25,0.051179029698125,0.055128198,0.009403423
2021-08-26,0.0539828497302689,0.05687606,0.0076495274
2021-08-27,0.0557371941444189,0.05717135,0.010099273
2021-08-30,0.055526988018068,0.054802913,0.0101105245
2021-08-31,0.0522482966885017,0.054830715,0.008630433
2021-09-01,0.0493268412164183,0.052006945,0.011319174
2021-09-02,0.0475699350006787,0.049220823,0.008886475
2021-09-03,0.0477446009723502,0.050503682,0.0098076
2021-09-07,0.0491529630626438,0.049816895,0.010228239
2021-09-08,0.0495950429660056,0.049183596,0.008236201
2021-09-09,0.0520315751421491,0.05105741,0.010867896
2021-09-10,0.0561569182462013,0.051741358,0.009145643
2021-09-13,0.0563688742918479,0.059943113,0.008952492
2021-09-14,0.0582200103368992,0.06326139,0.009304101
2021-09-15,0.0599344431199164,0.06652588,0.008954233
2021-09-16,0.0495470799202314,0.062138963,0.010597215
2021-09-17,0.0574434646977918,0.06189195,0.010075215
2021-09-20,0.0730895312098647,0.0637849,0.008628031
2021-09-21,0.0664636770403307,0.06924381,0.009933754
2021-09-22,0.074016584261396,0.082097426,0.005933222
2021-09-23,0.084159544605559,0.08756048,0.0073094736
2021-09-24,0.0824675416398996,0.093899794,0.012530153
2021-09-27,0.0773223418327706,0.09747697,0.008802717
2021-09-28,0.0977506450491761,0.102659866,0.008861582
2021-09-29,0.0984082559573215,0.111787975,0.010075775
2021-09-30,0.1033643686488436,0.11727171,0.012648557
2021-10-01,0.1117446458609548,0.13043496,0.012436541
2021-10-04,0.1172605096233123,0.13787036,0.014305013
2021-10-05,0.1249724448316752,0.14764711,0.017626222
2021-10-06,0.1265811260608619,0.15251318,0.016567843
2021-10-07,0.1303211826330225,0.15671211,0.0150645105
2021-10-08,0.1282495257786325,0.1590277,0.013800568
2021-10-11,0.1293446853323093,0.15765679,0.019329859
2021-10-12,0.1284492878602229,0.1568984,0.01633904
2021-10-13,0.1250095543831023,0.15519844,0.0147032775
2021-10-14,0.1390334462215521,0.15433882,0.015221127
2021-10-15,0.1377893663118614,0.14671716,0.01605543
2021-10-18,0.1234263828569917,0.14562237,0.01526684
2021-10-19,0.124660421737323,0.1417057,0.013896519
2021-10-20,0.1220171898193868,0.13928926,0.015066594
2021-10-21,0.1166255189767632,0.13438004,0.011962923
2021-10-22,0.1168395108736332,0.12758002,0.014433343
2021-10-25,0.1166901570448238,0.12544376,0.013837701
2021-10-26,0.08946263025493,0.11506254,0.014480042
2021-10-27,0.0926439937009671,0.09971973,0.013015237
2021-10-28,0.0826249451846346,0.09173121,0.013027595
2021-10-29,0.0781366497200044,0.08324997,0.013688714
2021-11-01,0.0594481251718389,0.07114904,0.012338837
2021-11-02,0.0553749561828844,0.064415336,0.0123740295
2021-11-03,0.0561562590772159,0.061677832,0.012008356
2021-11-04,0.0541132175168773,0.058714107,0.01107913
2021-11-05,0.0518986268670549,0.0568091,0.009384235
2021-11-08,0.0426719078293771,0.05149576,0.00985974
2021-11-09,0.0440506321017993,0.04827403,0.00906953
2021-11-10,0.0559712022806823,0.043819755,0.009740988
2021-11-11,0.0381671344476295,0.042903293,0.0102005415
2021-11-12,0.0379270963815037,0.042023756,0.009049515
2021-11-15,0.0383032024182548,0.044359278,0.009604385
2021-11-16,0.0357243994914816,0.04600293,0.008657159
2021-11-17,0.0373954217234049,0.046369266,0.010132203
2021-11-18,0.0375166045950554,0.044622257,0.010946343
2021-11-19,0.0377106427790813,0.046730172,0.00995104
2021-11-22,0.0388233837153207,0.04578335,0.00894796
2021-11-23,0.0388076163326569,0.046782766,0.008755772
2021-11-24,0.0344984752354674,0.05066421,0.011053384
2021-11-26,0.0747341791055194,0.051641908,0.013409401
2021-11-29,0.0852234557364037,0.06460986,0.011382057
2021-11-30,0.1059151531286745,0.076964125,0.012694321
2021-12-01,0.1110804182389263,0.10324166,0.019443115
2021-12-02,0.1196664294030596,0.119371966,0.016204897
2021-12-03,0.1207988604201797,0.12876815,0.015791731
2021-12-06,0.127485376626623,0.1335091,0.013592497
2021-12-07,0.1466655361119088,0.13605717,0.012678707
2021-12-08,0.1465484451159774,0.1391891,0.015109913
2021-12-09,0.1458646888652312,0.1423509,0.014194565
2021-12-10,0.1491990287820193,0.14567168,0.013021644
2021-12-13,0.1508429567904182,0.15335345,0.0139734335
2021-12-14,0.1528761947023161,0.15466595,0.013334048
2021-12-15,0.1626290239639237,0.1577422,0.014658341
2021-12-16,0.1652248975698969,0.15867762,0.013384442
2021-12-17,0.1681763232813484,0.16644567,0.013744214
2021-12-20,0.1720133669547674,0.17384672,0.01615245
2021-12-21,0.1837567715481636,0.18724239,0.015091263
2021-12-22,0.1872014164048879,0.18983516,0.014604619
2021-12-23,0.1882668441320149,0.19222593,0.017938307
2021-12-27,0.1736357382590051,0.19320899,0.019329611
2021-12-28,0.1692604545131744,0.18529366,0.020168763
2021-12-29,0.1524937282663759,0.17968531,0.0138716195
2021-12-30,0.1452620673481285,0.17109188,0.014817595
2021-12-31,0.1406730804214719,0.15862104,0.014928125
2022-01-03,0.136280418785535,0.15012164,0.0134719005
2022-01-04,0.1329917198088863,0.13724189,0.011575807
2022-01-05,0.1354284090454145,0.13113633,0.011202578
2022-01-06,0.1350715845651192,0.13443795,0.012763011
2022-01-07,0.1335101565606448,0.13568807,0.012387224
2022-01-10,0.1294090299099031,0.13898818,0.012555511
2022-01-11,0.1293386954644956,0.14027852,0.014922064
2022-01-12,0.1264535752853748,0.14476608,0.014802873
2022-01-13,0.1244361633080733,0.14157285,0.011839703
2022-01-14,0.1211130243105301,0.13918573,0.013159119
2022-01-18,0.1318271864956134,0.12851134,0.0124614965
2022-01-19,0.130267468452853,0.1357296,0.012131642
2022-01-20,0.1185900270362962,0.13295376,0.010452976
2022-01-21,0.1239466823060395,0.14069532,0.012033278
2022-01-24,0.1214048401811193,0.15025678,0.011621288
2022-01-25,0.1089302935599752,0.15617424,0.010431546
2022-01-26,0.1087536247264396,0.16540349,0.021415396
2022-01-27,0.1066657098432767,0.18270555,0.017954174
2022-01-28,0.1441500444546245,0.18809633,0.017612642
2022-01-31,0.1630789029361575,0.20184886,0.018223109
2022-02-01,0.1634164868985677,0.20794247,0.023810953
2022-02-02,0.1684427428381625,0.22212389,0.02014516
2022-02-03,0.1757053166894981,0.22824745,0.022224544
2022-02-04,0.1775759819055531,0.22599083,0.02393874
2022-02-07,0.1775328557907209,0.22560589,0.021118652
2022-02-08,0.1811485730484579,0.23160675,0.021655373
2022-02-09,0.1859119334879958,0.23528318,0.025460158
2022-02-10,0.1940538275297574,0.24452579,0.024600359
2022-02-11,0.1984379172967717,0.2513358,0.02297887
2022-02-14,0.1980664548045475,0.24602383,0.021015523
2022-02-15,0.1993027492315085,0.24855363,0.028781632
2022-02-16,0.1969233449793523,0.24123408,0.024911027
2022-02-17,0.2068272904293737,0.24026027,0.024465768
2022-02-18,0.1976830658816151,0.23903388,0.02474812
2022-02-22,0.2000089247115483,0.22832453,0.021937532
2022-02-23,0.2055627048873826,0.23108709,0.023270078
2022-02-24,0.2132912065395051,0.23564447,0.024040353
2022-02-25,0.2267155233699856,0.23041612,0.02707557
2022-02-28,0.2099561993490989,0.23680033,0.019654948
2022-03-01,0.2034869107646903,0.23268777,0.023532426
2022-03-02,0.2139211011779402,0.23462838,0.02167536
2022-03-03,0.2102167110779262,0.23588505,0.02437118
2022-03-04,0.1953730509921668,0.22962588,0.022767154
2022-03-07,0.2166455590587803,0.230575,0.022671668
2022-03-08,0.2170540759496436,0.24446718,0.023950905
2022-03-09,0.2363942775684552,0.24777111,0.02069719
2022-03-10,0.2277749533173749,0.25562745,0.027020095
2022-03-11,0.2241774571554365,0.25833836,0.025618117
2022-03-14,0.2172880926567098,0.25444537,0.022664635
2022-03-15,0.2328493991987753,0.25638738,0.025901187
2022-03-16,0.2400640396815581,0.25248182,0.022021772
2022-03-17,0.2446777129667635,0.26235053,0.021914387
2022-03-18,0.2357601121762913,0.26168364,0.025714869
2022-03-21,0.2339329874223712,0.25166,0.028221564
2022-03-22,0.2324062002816858,0.2491056,0.02651633
2022-03-23,0.2261176426954546,0.24480225,0.022723338
2022-03-24,0.2257089337804469,0.23165354,0.024359923
2022-03-25,0.2144012899249006,0.23114352,0.023139296
2022-03-28,0.2145851520461149,0.2271944,0.020996002
2022-03-29,0.2067807812928434,0.21952729,0.019913783
2022-03-30,0.202086958985675,0.22550501,0.021093955
2022-03-31,0.2102706951602322,0.21940392,0.026059289
2022-04-01,0.207196842224246,0.21255802,0.020927358
2022-04-04,0.1710886377544476,0.20024312,0.017732812
2022-04-05,0.1764925167197449,0.19450685,0.019287469
2022-04-06,0.1648181818111235,0.18506843,0.019346604
2022-04-07,0.1631850423219405,0.18228066,0.015346655
2022-04-08,0.1545481237234504,0.17741017,0.017079812
2022-04-11,0.1656608417874006,0.17712796,0.016480861
2022-04-12,0.1530641600912452,0.16882363,0.016326359
2022-04-13,0.1392075380894243,0.1678468,0.015327925
2022-04-14,0.13997509979498,0.16424808,0.014241214
2022-04-18,0.1336486258705143,0.16391014,0.014314093
2022-04-19,0.1449970081160669,0.16323452,0.0145988325
2022-04-20,0.1394393698026826,0.16920504,0.017659968
2022-04-21,0.1421902448267782,0.17008217,0.015387086
2022-04-22,0.1597027550089543,0.17289752,0.014673893
2022-04-25,0.1600939973731544,0.18271162,0.020217735
2022-04-26,0.1783119899570988,0.18788046,0.016195087
2022-04-27,0.1697428955967718,0.20287621,0.019579908
2022-04-28,0.1976607080421748,0.21462232,0.023848386
2022-04-29,0.2260396568702273,0.22185393,0.017867656
2022-05-02,0.2272002849400125,0.23400874,0.024992442
2022-05-03,0.2251782362215214,0.23704888,0.027310265
2022-05-04,0.2525085100996543,0.25607574,0.026861243
2022-05-05,0.2784668125215879,0.26153487,0.028578155
2022-05-06,0.2768638719182426,0.2628518,0.02799965
2022-05-09,0.2941440875910848,0.2691528,0.026331877
2022-05-10,0.2924710365194379,0.30544585,0.024010267
2022-05-11,0.2953156512222871,0.3059192,0.033736695
2022-05-12,0.2892590039695031,0.31083873,0.026605075
2022-05-13,0.3067425576133735,0.33235893,0.03799558
2022-05-16,0.3063522484608335,0.3375211,0.036171217
2022-05-17,0.3102635033810291,0.32861173,0.0412897
2022-05-18,0.3363858540584772,0.33639535,0.032311384
2022-05-19,0.3348778982255436,0.34894326,0.034683347
2022-05-20,0.3248207262580933,0.33809158,0.030921644
2022-05-23,0.3332299775933418,0.3390134,0.03730721
2022-05-24,0.3207291048019376,0.34621665,0.040296428
2022-05-25,0.3232944990340935,0.34013817,0.037867334
2022-05-26,0.3183975610095186,0.34417108,0.03879984
2022-05-27,0.3051609582971001,0.34251538,0.041088436
2022-05-31,0.3053360033374465,0.33339465,0.036594417
2022-06-01,0.3057410593863287,0.32313603,0.038364407
2022-06-02,0.2933617339965859,0.31497356,0.036830317
2022-06-03,0.2697494476390816,0.31147462,0.03223128
2022-06-06,0.2693046366087019,0.30004513,0.03379581
2022-06-07,0.2423572126009768,0.2853069,0.032634813
2022-06-08,0.2465560979842319,0.27781817,0.028556688
2022-06-09,0.2549374392382476,0.26643875,0.026397439
2022-06-10,0.2768677171250583,0.27140132,0.025309987
2022-06-13,0.2944553043889661,0.27437377,0.026018728
2022-06-14,0.2944526331946607,0.29475266,0.030480888
2022-06-15,0.2892579413100272,0.3024464,0.031026328
2022-06-16,0.2764499850159948,0.3062435,0.0318168
2022-06-17,0.27697024306884,0.30554858,0.034199785
2022-06-21,0.2931709233623903,0.31330606,0.031672366
2022-06-22,0.2834037502735864,0.3082961,0.03352131
2022-06-23,0.2858523551145957,0.30923662,0.03537816
2022-06-24,0.305461024100725,0.3195261,0.034118615
2022-06-27,0.2956740152776285,0.32615644,0.03755739
2022-06-28,0.2851657402236027,0.3052532,0.03677082
2022-06-29,0.2853154577403146,0.31602648,0.035841092
2022-06-30,0.2855643930308886,0.31798646,0.036587287
2022-07-01,0.2788184658444528,0.32123536,0.031037314
2022-07-05,0.2758107894961955,0.3341182,0.034636423
2022-07-06,0.275952311835632,0.33469993,0.03963664
2022-07-07,0.279901458502146,0.32085827,0.037974846
2022-07-08,0.278534145934797,0.3218175,0.02878984
2022-07-11,0.2692666145675662,0.29471374,0.03186749
2022-07-12,0.2511054130193863,0.27488267,0.0346944
2022-07-13,0.2082205774059199,0.2565252,0.026659839
2022-07-14,0.2080259336983672,0.24317136,0.021546505
2022-07-15,0.2123882365335603,0.23474272,0.021147342
2022-07-18,0.1768733706901123,0.23643233,0.020985924
2022-07-19,0.1968302287930255,0.22749624,0.022411194
2022-07-20,0.1822617680628364,0.22703266,0.024077171
2022-07-21,0.1833604577536496,0.21962342,0.022177035
2022-07-22,0.1866110316024203,0.21447247,0.023375878
2022-07-25,0.1570982789687276,0.21473502,0.019376514
2022-07-26,0.1622165068825136,0.20885473,0.019453479
2022-07-27,0.166728357741979,0.20242444,0.017903548
2022-07-28,0.1693221152498108,0.20285492,0.013042301
2022-07-29,0.1674295933112684,0.1979966,0.017388495
2022-08-01,0.1676162743248638,0.2014288,0.020625437
2022-08-02,0.1712395186180363,0.20047313,0.016358117
2022-08-03,0.1763039976599633,0.21015258,0.023111185
2022-08-04,0.1723699564688079,0.20474325,0.021053283
2022-08-05,0.1726151556464273,0.19610691,0.017278865
2022-08-08,0.1652829117622526,0.197258,0.016067386
2022-08-09,0.1613422066088404,0.18331484,0.015055414
2022-08-10,0.168609927262538,0.17590982,0.017959354
2022-08-11,0.1674321614956944,0.17271578,0.018110877
2022-08-12,0.1656763951874353,0.16486718,0.014193363
2022-08-15,0.158555838810242,0.16074567,0.015738426
2022-08-16,0.1391885248235041,0.15835372,0.015443876
2022-08-17,0.1445246663067116,0.15519579,0.012566082
2022-08-18,0.1430139001269718,0.15460116,0.014863217
2022-08-19,0.1473314789040372,0.15030181,0.013593812
2022-08-22,0.1699197432160985,0.15002829,0.013890319
2022-08-23,0.163529607066442,0.16046573,0.013541387
2022-08-24,0.141101447806714,0.16333777,0.017516442
2022-08-25,0.142971897498066,0.16764034,0.017196268
2022-08-26,0.1808908787217585,0.15780634,0.014561532
2022-08-29,0.1818901757904773,0.16823338,0.015903443
2022-08-30,0.1841969935370315,0.17588073,0.017701443
2022-08-31,0.174957011463721,0.1932194,0.019255925
2022-09-01,0.1758823380085642,0.19858406,0.01748165
2022-09-02,0.1782563836406044,0.19767685,0.01904481
2022-09-06,0.1782286186485611,0.20418155,0.01815034
2022-09-07,0.192251309272932,0.19697662,0.018160027
2022-09-08,0.1766385975375305,0.20247194,0.019109491
2022-09-09,0.1867522263012494,0.21041805,0.021378137
2022-09-12,0.1796544775066644,0.20772032,0.02356999
2022-09-13,0.2299765426219331,0.21363121,0.018563842
2022-09-14,0.2305683262795512,0.22539037,0.022816777
2022-09-15,0.2316848227238539,0.24622738,0.02732444
2022-09-16,0.2304550486188162,0.2569536,0.025120597
2022-09-19,0.2320724219219689,0.25497726,0.025995398
2022-09-20,0.2247102944402191,0.25100932,0.025402596
2022-09-21,0.2296800254018274,0.2504505,0.026646027
2022-09-22,0.2285365962554539,0.24638699,0.025430879
2022-09-23,0.2214851267009194,0.24491352,0.024124842
2022-09-26,0.1975740216086096,0.25264645,0.029293649
2022-09-27,0.1977793157596968,0.25806975,0.020364948
2022-09-28,0.213657640530322,0.2653352,0.02428783
2022-09-29,0.2222071550112448,0.25881493,0.02980143
2022-09-30,0.2237714181686336,0.26546216,0.02985517
2022-10-03,0.2467591589273439,0.277551,0.023551727
2022-10-04,0.2732427266900425,0.27869275,0.028362492
2022-10-05,0.263262167152709,0.27385637,0.02979516
2022-10-06,0.2623365733448242,0.28607866,0.029664569
2022-10-07,0.2669875283709567,0.28303668,0.024114769
2022-10-10,0.2602550647663568,0.27691096,0.028626144
2022-10-11,0.2199442959999679,0.2745555,0.034567177
2022-10-12,0.2180787114698002,0.28165957,0.021346504
2022-10-13,0.2411305263352909,0.2808388,0.035956774
2022-10-14,0.2518046403713265,0.2807094,0.027300788
2022-10-17,0.2710204159787667,0.29182133,0.03168708
2022-10-18,0.2736225117712852,0.28706363,0.034149125
2022-10-19,0.2682685005800531,0.28771245,0.038734384
2022-10-20,0.2681046670653959,0.2834562,0.030906959
2022-10-21,0.2745369680421924,0.27546108,0.029382406
2022-10-24,0.2738491698038368,0.28430983,0.034969248
2022-10-25,0.2778911515122806,0.27294508,0.028652145
2022-10-26,0.2729014532005467,0.2736598,0.02838803
2022-10-27,0.2612302494984623,0.27261063,0.029063622
2022-10-28,0.2638793717500278,0.25999463,0.023575528
2022-10-31,0.2544751486520941,0.2561618,0.025416624
2022-11-01,0.2339246657906153,0.25967315,0.027427671
2022-11-02,0.2512781263750924,0.2521395,0.023439584
2022-11-03,0.2514592047719858,0.2466077,0.022076003
2022-11-04,0.2331672910008413,0.24262382,0.023582555
2022-11-07,0.2320590647844448,0.24958888,0.023476828
2022-11-08,0.2297577546622677,0.2427259,0.025987277
2022-11-09,0.2441715438078025,0.23054843,0.019892529
2022-11-10,0.2948479192400048,0.23337977,0.01693856
2022-11-11,0.2765138170771611,0.23218796,0.021049997
2022-11-14,0.2696818310397303,0.2348193,0.026940415
2022-11-15,0.2688399987385323,0.24148016,0.024680926
2022-11-16,0.2696916164394278,0.24779671,0.023931585
2022-11-17,0.2675170055793305,0.24463636,0.030050416
2022-11-18,0.2573769887725218,0.23758471,0.02375304
2022-11-21,0.2561014540773585,0.22687021,0.02374829
2022-11-22,0.2543552494345096,0.2265883,0.022190148
2022-11-23,0.2523494311240898,0.21684195,0.017610235
2022-11-25,0.2505900311414844,0.21946442,0.021606522
2022-11-28,0.2451836208846123,0.20704514,0.022141794
2022-11-29,0.2434685662278347,0.21255484,0.01967007
2022-11-30,0.2634331450439703,0.20517676,0.018918682
2022-12-01,0.242621850337692,0.20249763,0.018139271
2022-12-02,0.2374245481986631,0.19378592,0.018783623
2022-12-05,0.2475426056212602,0.19172207,0.019656278
2022-12-06,0.2535507671228474,0.19502088,0.017881686
2022-12-07,0.2534322178358688,0.20582494,0.02068368
2022-12-08,0.2401964668597451,0.20499821,0.015868202
2022-12-09,0.1537853606678597,0.19159663,0.019185195
2022-12-12,0.1583654873440776,0.18114969,0.01821087
2022-12-13,0.1568231976474966,0.17476192,0.01460918
2022-12-14,0.1558069125168204,0.17951733,0.015684456
2022-12-15,0.1763023884604518,0.1853553,0.01716182
2022-12-16,0.1797697995816588,0.18716472,0.01807668
2022-12-19,0.1803386766959103,0.19910687,0.017955417
2022-12-20,0.1804565567021278,0.21202324,0.020040201
2022-12-21,0.1818289136688152,0.22747903,0.022786248
2022-12-22,0.184928897730753,0.2228608,0.018601479
2022-12-23,0.1870870439072789,0.22040653,0.01686584
2022-12-27,0.1810118188082527,0.22639474,0.017986862
2022-12-28,0.184483401661254,0.22272329,0.019366613
2022-12-29,0.1594908944073729,0.21546908,0.019491723
2022-12-30,0.1593312743371658,0.2138009,0.019724883
2023-01-03,0.1592315662653915,0.21157975,0.019448396
2023-01-04,0.1537321453721438,0.20684355,0.021730348
2023-01-05,0.1512321603804748,0.19989184,0.021795338
2023-01-06,0.1723700579197053,0.19827488,0.019626064
2023-01-09,0.1699527611435301,0.19943297,0.016075177
2023-01-10,0.17030474025939,0.20433046,0.017155938
2023-01-11,0.1689030707356381,0.20272261,0.01883519
2023-01-12,0.1672996213495231,0.20249775,0.019033551
2023-01-13,0.1666812520809684,0.19891042,0.014800638
2023-01-17,0.1406499646423649,0.1904791,0.018685367
2023-01-18,0.1460748664603171,0.18080182,0.014589036
2023-01-19,0.1450108270158993,0.16848156,0.013792306
2023-01-20,0.1568722151199537,0.17367907,0.013961532
2023-01-23,0.1542510064848143,0.17549135,0.018574923
2023-01-24,0.1433279196952122,0.18073782,0.016151069
2023-01-25,0.1430751719941921,0.18127409,0.016864829
2023-01-26,0.1441835672426299,0.18088652,0.015394715
2023-01-27,0.1341198864442866,0.17477667,0.015670484
2023-01-30,0.1361663526125977,0.1660266,0.014432784
2023-01-31,0.1411687914306665,0.16411933,0.014905576
2023-02-01,0.1409726953654062,0.16137926,0.016616473
2023-02-02,0.1451971139467659,0.15889984,0.0134373065
2023-02-03,0.1435595063855582,0.1544129,0.013798709
2023-02-06,0.1317104808842187,0.15068682,0.014044119
2023-02-07,0.1352621694092049,0.1532306,0.013110008
2023-02-08,0.1430024103442542,0.14955914,0.017041868
2023-02-09,0.1429689770057917,0.1471009,0.0128253475
2023-02-10,0.1428225396667849,0.15304655,0.01353776
2023-02-13,0.1465918313498781,0.15089218,0.012091945
2023-02-14,0.1461762496216747,0.15117325,0.01277259
2023-02-15,0.1324998166099669,0.15044382,0.013742954
2023-02-16,0.139688643399311,0.1442882,0.010026722
2023-02-17,0.1281097798900689,0.13403328,0.013044576
2023-02-21,0.1413891901033971,0.1361721,0.011424318
2023-02-22,0.1414502793367668,0.14736982,0.014260176
2023-02-23,0.1427184564522808,0.1495191,0.015172317
2023-02-24,0.1413383527355635,0.15580933,0.01408667
2023-02-27,0.1415270724374349,0.15797758,0.015285148
2023-02-28,0.1353575067198362,0.16325213,0.013621136
2023-03-01,0.1250049680738376,0.15985247,0.012454326
2023-03-02,0.1221810970278284,0.15972763,0.013932047
2023-03-03,0.124450885667097,0.15660483,0.013002179
2023-03-06,0.1207857253691318,0.15987344,0.016874112
2023-03-07,0.1289714334961047,0.1613048,0.01581506
2023-03-08,0.1195046896614396,0.16227615,0.01303764
2023-03-09,0.1283130510011912,0.16201651,0.013501215
2023-03-10,0.1329731820822783,0.16562325,0.01859253
2023-03-13,0.1319216929534475,0.17619015,0.013308353
2023-03-14,0.1391266223036096,0.18308024,0.013565347
2023-03-15,0.1395664243802059,0.18726185,0.013894228
2023-03-16,0.15479135358188,0.19484113,0.018584518
2023-03-17,0.1525323967688358,0.19065064,0.01926554
2023-03-20,0.1570262326777051,0.19674167,0.013798214
2023-03-21,0.1494127374713683,0.19603781,0.0166651
2023-03-22,0.1597404192106193,0.18767822,0.016388303
2023-03-23,0.1588686750240631,0.18866898,0.016275952
2023-03-24,0.1562551397950289,0.18495667,0.01861145
2023-03-27,0.1559921830919353,0.18330726,0.018583128
2023-03-28,0.1557317867901316,0.19100864,0.014929688
2023-03-29,0.1618225099647013,0.18652172,0.018356312
2023-03-30,0.1610218310770495,0.18731098,0.01670906
2023-03-31,0.1591819482932043,0.18276039,0.017480114
2023-04-03,0.1594879504571792,0.18947819,0.019686079
2023-04-04,0.1506125263047254,0.18047304,0.017846324
2023-04-05,0.1511916274646277,0.17896014,0.018650228
2023-04-06,0.1339281988163184,0.17180532,0.016725738
2023-04-10,0.1203635375948844,0.15989068,0.01824272
2023-04-11,0.119812257040605,0.1487722,0.015489655
2023-04-12,0.112917290699761,0.13984498,0.014900509
2023-04-13,0.1137756145438793,0.12890758,0.012849157
2023-04-14,0.1037329204884593,0.12253898,0.013480995
2023-04-17,0.0934379310202771,0.111064196,0.0103131905
2023-04-18,0.0914200793213207,0.10858664,0.013289612
2023-04-19,0.0848054457371715,0.10155604,0.013958206
2023-04-20,0.0655877675933023,0.09130654,0.0111372685
2023-04-21,0.0657096451508978,0.0816089,0.009945997
2023-04-24,0.0649532726031354,0.07714105,0.009889402
2023-04-25,0.0856819953470945,0.07177176,0.009777959
2023-04-26,0.0867472810804903,0.075049,0.008532505
2023-04-27,0.0963236673872429,0.07711529,0.009673615
2023-04-28,0.0979040083944498,0.08254653,0.008793641
2023-05-01,0.087820717424727,0.08945117,0.010625545
2023-05-02,0.095564343353921,0.08801017,0.009384986
2023-05-03,0.0964316912935683,0.09085553,0.009254373
2023-05-04,0.0988937132528067,0.100970976,0.009695407
2023-05-05,0.1156945102080127,0.1102732,0.013460521
2023-05-08,0.1156753010204123,0.1167278,0.010831425
2023-05-09,0.1168154163053533,0.118688,0.012967277
2023-05-10,0.1166682854632731,0.12040331,0.01153159
2023-05-11,0.1083523136421391,0.122306414,0.010818477
2023-05-12,0.1082689869017119,0.1231479,0.011925306
2023-05-15,0.1081503023714398,0.12449731,0.012912084
2023-05-16,0.1099509718176295,0.12134159,0.011944922
2023-05-17,0.1172241234556413,0.1231347,0.013008761
2023-05-18,0.1191305716551714,0.124627024,0.011181587
2023-05-19,0.1193641667682222,0.1260925,0.012952107
2023-05-22,0.1193763289300699,0.1198227,0.012669729
2023-05-23,0.1127969359712549,0.118846044,0.011582607
2023-05-24,0.11503143699452,0.11494002,0.0076770256
2023-05-25,0.0999396561642269,0.11717173,0.0120777795
2023-05-26,0.1052052583151052,0.11516077,0.0098235095
2023-05-30,0.1051786242711696,0.1136851,0.009022546
2023-05-31,0.0995156748719549,0.10758733,0.011674187
2023-06-01,0.0999699679945319,0.101305984,0.009182431
2023-06-02,0.1034613587196873,0.09648753,0.010037366
2023-06-05,0.089691357146537,0.090709545,0.008603017
2023-06-06,0.0896276740230916,0.08982363,0.009147376
2023-06-07,0.0890796452363724,0.091328666,0.009494778
2023-06-08,0.0897900437847147,0.09194831,0.010465478
2023-06-09,0.0890426868949886,0.08966619,0.009361619
2023-06-12,0.0910795504043617,0.08651154,0.009888227
2023-06-13,0.0921432455962482,0.08809672,0.009722269
2023-06-14,0.0872375184692754,0.08626121,0.009938245
2023-06-15,0.08754266807487,0.08171154,0.010088583
2023-06-16,0.0874219518677366,0.083270475,0.008147256
2023-06-20,0.0895930868597189,0.08836534,0.008662651
2023-06-21,0.0925962993748182,0.08920941,0.009639096
2023-06-22,0.0812998464891143,0.08846493,0.010544673
2023-06-23,0.0817490386033709,0.084527366,0.009145309
2023-06-26,0.0822742673757938,0.08466008,0.010707502
2023-06-27,0.0802384954883897,0.088329904,0.009771502
2023-06-28,0.0803423753268229,0.0868169,0.010661847
2023-06-29,0.0760429086005524,0.08701859,0.0096931765
2023-06-30,0.0786993684182835,0.0873297,0.010166878
2023-07-03,0.0687603740920971,0.087381035,0.011444297
2023-07-05,0.0687402777134781,0.09035853,0.010790973
2023-07-06,0.0752208978297101,0.091950476,0.011576205
2023-07-07,0.0745997199089898,0.093753815,0.010490984
2023-07-10,0.0731275499402202,0.10225661,0.011541401
2023-07-11,0.0749992483687285,0.10218073,0.010906761
2023-07-12,0.0732531946122627,0.103746675,0.010558562
2023-07-13,0.0745275507872165,0.104855604,0.009935853
2023-07-14,0.0749383037814956,0.104699105,0.010539745
2023-07-17,0.0672054385466718,0.10384195,0.010188912
2023-07-18,0.0677584591776328,0.100149244,0.009591483
2023-07-19,0.0646352541918186,0.10210607,0.010532606
2023-07-20,0.0664242259076881,0.095555685,0.0111511005
2023-07-21,0.0663263941021921,0.094388396,0.009496695
2023-07-24,0.0594695049174393,0.09126234,0.011471294
2023-07-25,0.0555436585452083,0.08951665,0.010268341
2023-07-26,0.0492118756631254,0.08449221,0.011671215
2023-07-27,0.0547840980325341,0.07920534,0.013375398
2023-07-28,0.0592996142152344,0.081132784,0.00962174
2023-07-31,0.0503724028520757,0.07899111,0.01170145
2023-08-01,0.0518217594285416,0.07796372,0.010648902
2023-08-02,0.068621849730128,0.074076764,0.012040079
2023-08-03,0.0637578023776422,0.08580454,0.014253239
2023-08-04,0.0655962304322732,0.09436707,0.0128085
2023-08-07,0.0700077507482742,0.107154414,0.016049325
2023-08-08,0.0695421652786738,0.10790519,0.014110388
2023-08-09,0.0698523074451161,0.110358335,0.014677913
2023-08-10,0.0643780170297844,0.106089056,0.014945533
2023-08-11,0.064381999426727,0.11017244,0.012514544
2023-08-14,0.0658391828065951,0.11010838,0.01270957
2023-08-15,0.069703081765614,0.11166629,0.010614002
2023-08-16,0.0711925286242009,0.11373305,0.013410098
2023-08-17,0.0719226607497426,0.11951011,0.015948867
2023-08-18,0.0717946808490977,0.12856983,0.013361943
2023-08-21,0.0746080699094045,0.13347076,0.011551105
2023-08-22,0.0731704980525919,0.13329685,0.012608128
2023-08-23,0.0835986873585453,0.13596343,0.0154806385
2023-08-24,0.0908225824970843,0.14172862,0.013003857
2023-08-25,0.0870108905008839,0.14222462,0.013785798
2023-08-28,0.0902824096828194,0.14154671,0.015045252
2023-08-29,0.104029636187793,0.1369992,0.013905636
2023-08-30,0.0949548772462214,0.13155104,0.012093022
2023-08-31,0.094724354246178,0.13203657,0.012163728
2023-09-01,0.0930856497109212,0.12786697,0.012776569
2023-09-05,0.0895189318573199,0.12231255,0.012182331
2023-09-06,0.0912579011040603,0.117418215,0.01179304
2023-09-07,0.0890400045255213,0.11509942,0.013590302
2023-09-08,0.0891798353957631,0.10912936,0.011461247
2023-09-11,0.0917081536261913,0.104718894,0.011315404
2023-09-12,0.0916604529373248,0.103546694,0.011379869
2023-09-13,0.083561893394484,0.0973003,0.010282141
2023-09-14,0.0829067433909608,0.08891166,0.012142439
2023-09-15,0.088977953918848,0.08354016,0.012289046
2023-09-18,0.0889110343910849,0.07947084,0.009668073
2023-09-19,0.087142261152869,0.077873096,0.009466738
2023-09-20,0.0922515478900495,0.076969765,0.011939786
2023-09-21,0.0992984225633459,0.07766282,0.012411233
2023-09-22,0.0902932727175193,0.07918158,0.009915495
2023-09-25,0.0883498684451349,0.08587626,0.010583572
2023-09-26,0.0957248236043978,0.09001281,0.010128332
2023-09-27,0.0793956125824048,0.09872903,0.010252725
2023-09-28,0.0813340307762605,0.10093579,0.01355649
2023-09-29,0.0812893605273263,0.10232906,0.010929161
2023-10-02,0.0805233864099037,0.105424434,0.009938167
2023-10-03,0.0879618385181762,0.10230552,0.012180492
2023-10-04,0.0937055474879224,0.10636333,0.013770032
2023-10-05,0.0937061951948625,0.111415006,0.015618848
2023-10-06,0.1035052895083896,0.110820875,0.013667702
2023-10-09,0.1031382203822911,0.1167464,0.0147420475
2023-10-10,0.1045252800974147,0.12131893,0.01577779
2023-10-11,0.1057701619685679,0.12034727,0.01859779
2023-10-12,0.101922946437498,0.13174984,0.014411058
2023-10-13,0.0962952699119172,0.12936962,0.015305286
2023-10-16,0.103619411321604,0.13422927,0.015216057
2023-10-17,0.1035595288303348,0.12566578,0.015927572
2023-10-18,0.1080707331195584,0.12010662,0.013778517
2023-10-19,0.0979582676896866,0.11429504,0.013604775
2023-10-20,0.1054117502235002,0.11170114,0.014140759
2023-10-23,0.1039394785693715,0.12049916,0.015766265
2023-10-24,0.0968011821136929,0.119826145,0.014840041
2023-10-25,0.1070432568959377,0.12376172,0.01673654
2023-10-26,0.1098624587829576,0.12925988,0.018631443
2023-10-27,0.1102456781277136,0.13465525,0.015120413
2023-10-30,0.1193463393428063,0.13696742,0.013099931
2023-10-31,0.1138576098017467,0.13967876,0.01578245
2023-11-01,0.1161200570295047,0.13828006,0.0147009175
2023-11-02,0.1319654069155225,0.13841069,0.0149455285
2023-11-03,0.1298407121495527,0.14025673,0.012583555
2023-11-06,0.1283829345370225,0.14698116,0.01834949
2023-11-07,0.1275826987717374,0.1463247,0.014443709
2023-11-08,0.1268337998021374,0.14887798,0.015256919
2023-11-09,0.1280533160495686,0.15306512,0.015311784
2023-11-10,0.1366907161229212,0.15479253,0.014688082
2023-11-13,0.13257516616565,0.1519765,0.013838048
2023-11-14,0.1462984411267666,0.14703494,0.01713978
2023-11-15,0.1365183477007135,0.1446525,0.015716083
2023-11-16,0.1313639441484893,0.1439076,0.016983807
2023-11-17,0.1202121151551728,0.1377256,0.01364464
2023-11-20,0.1195993236017111,0.12991166,0.014078271
2023-11-21,0.1204251739822781,0.12609372,0.011767659
2023-11-22,0.1036838790032139,0.10817498,0.013596809
2023-11-24,0.0892871509814194,0.10290299,0.009799318
2023-11-27,0.0864171962273952,0.08970902,0.012651521
2023-11-28,0.0840717841444115,0.07978152,0.011466704
2023-11-29,0.0854610674816188,0.07096996,0.009163054
2023-11-30,0.0827994388053883,0.06464298,0.009545107
2023-12-01,0.0675043714679261,0.060196012,0.009658696
2023-12-04,0.069150069759507,0.055797394,0.00805738
2023-12-05,0.0697177400247191,0.055556484,0.009738034
2023-12-06,0.0722001549062147,0.0526759,0.008020639
2023-12-07,0.074464705045168,0.05932158,0.0099020535
2023-12-08,0.0665924319910763,0.061756168,0.010494366
2023-12-11,0.0537083397023252,0.06016481,0.009561279
2023-12-12,0.0532047713791651,0.059040736,0.0086961035
2023-12-13,0.039768593762207,0.057008505,0.01166063
2023-12-14,0.0397260632309677,0.058807902,0.009640217
2023-12-15,0.0401686308392584,0.064532414,0.010561033
2023-12-18,0.0405087684871567,0.075423814,0.014183061
2023-12-19,0.0392470133073337,0.078372486,0.013328114
2023-12-20,0.0623909217152331,0.07968316,0.013348428
2023-12-21,0.0672443531588956,0.08527357,0.01297902
2023-12-22,0.067098738158084,0.0915307,0.012504243
2023-12-26,0.0660882075132493,0.09435183,0.014972813
2023-12-27,0.0660079939713899,0.093987525,0.015662666
2023-12-28,0.0654739103827457,0.09952578,0.014161876
2023-12-29,0.0672714105654591,0.10069143,0.015819926
2024-01-02,0.0702209426278082,0.106477186,0.018046778
2024-01-03,0.0732388405197236,0.10745151,0.01586831
2024-01-04,0.0745623814657945,0.11695293,0.016383896
2024-01-05,0.0725987894080899,0.1278407,0.01672239
2024-01-08,0.0800812304950543,0.13481407,0.012809063
2024-01-09,0.0804115284402979,0.13425228,0.013648811
2024-01-10,0.0811042505643512,0.13163556,0.015325613
2024-01-11,0.0808493914795434,0.13192166,0.013988671
2024-01-12,0.0704896697062266,0.12480114,0.011360008
2024-01-16,0.0715596341557094,0.12788099,0.012212273
2024-01-17,0.0740143280780114,0.12329954,0.013452858
2024-01-18,0.0776165368374493,0.11839169,0.011827933
2024-01-19,0.0845333797642013,0.11960037,0.015603208
2024-01-22,0.0675627365381656,0.119342476,0.013200491
2024-01-23,0.0619114596521401,0.11861539,0.011819582
2024-01-24,0.0619075494789933,0.11725239,0.01361098
2024-01-25,0.0624594630707678,0.11754003,0.012491721
2024-01-26,0.0627112380329965,0.11553908,0.012071621
2024-01-29,0.0655434940587962,0.10477712,0.013680862
2024-01-30,0.0644633131537566,0.099548176,0.013630167
2024-01-31,0.0822615090106231,0.09361392,0.009175639
2024-02-01,0.0838062824354847,0.09401566,0.015516201
2024-02-02,0.0858103415238004,0.089802355,0.013333902
2024-02-05,0.0878628133927682,0.087477855,0.012557102
2024-02-06,0.0791967872820858,0.083744965,0.011143245
2024-02-07,0.0806487211288402,0.081604786,0.011843528
2024-02-08,0.0801319360946614,0.08160013,0.010539892
2024-02-09,0.0802758714327561,0.07794531,0.01093634
2024-02-12,0.0808374257232288,0.07500332,0.010686198
2024-02-13,0.0941314116115334,0.07017695,0.009572519
2024-02-14,0.0935112818097593,0.077933386,0.010252499
2024-02-15,0.0919008179594262,0.07863642,0.0105007645
2024-02-16,0.0886633046134823,0.0802587,0.010406893
2024-02-20,0.0919678661309856,0.07825113,0.009584942
2024-02-21,0.0918016857631221,0.08340504,0.011713107
2024-02-22,0.1117878067836032,0.08487964,0.011923032
2024-02-23,0.1114282619993101,0.08674401,0.00974008
2024-02-26,0.1127267880529702,0.09562841,0.009067909
2024-02-27,0.1109786632534208,0.09504877,0.010173466
2024-02-28,0.1112589218143003,0.09687224,0.00954405
2024-02-29,0.0939049641258224,0.093652286,0.012208131
2024-03-01,0.0898585869368461,0.09156381,0.011868035
2024-03-04,0.0859833391953925,0.082554966,0.012322612
2024-03-05,0.0929281288820467,0.08370963,0.008932136
2024-03-06,0.0936762133243504,0.08730307,0.010015322
2024-03-07,0.0954754633750644,0.086857416,0.008856335
2024-03-08,0.099001922253447,0.08471186,0.00957966
2024-03-11,0.0980651713528176,0.08502346,0.0104723815
2024-03-12,0.1032164049811345,0.08328888,0.011356622
2024-03-13,0.0903413316233124,0.085409224,0.010100985
2024-03-14,0.0880518792020168,0.082192086,0.010117578
2024-03-15,0.0902873823080297,0.081123546,0.01027337
2024-03-18,0.0897629871788665,0.08584859,0.010459833
2024-03-19,0.0870936197599817,0.083149776,0.0107757915
2024-03-20,0.0897232636539093,0.079832904,0.008520652
2024-03-21,0.0661818097116861,0.07774776,0.01118164
2024-03-22,0.0666896633940565,0.07842312,0.010511725
2024-03-25,0.066167539301244,0.07611337,0.009162495
2024-03-26,0.0674061286935594,0.07771099,0.008540481
2024-03-27,0.0703264219858532,0.07310667,0.011099677
2024-03-28,0.0694344657057141,0.075510405,0.010373354
2024-04-01,0.0669854142976017,0.073986605,0.007999362
2024-04-02,0.0714058224218038,0.07409466,0.009928829
2024-04-03,0.0621630899271354,0.0739039,0.009518418
2024-04-04,0.0735498063529802,0.07517888,0.0118753165
2024-04-05,0.0746436341964525,0.07922487,0.010322863
2024-04-08,0.0711833900753188,0.08055841,0.009282686
2024-04-09,0.070944034269499,0.08198159,0.010133441
2024-04-10,0.0696500499945838,0.0804344,0.009690393
2024-04-11,0.0731125513526555,0.08410522,0.009709176
2024-04-12,0.0865227838261866,0.08621132,0.009966758
2024-04-15,0.0924554525904097,0.09222224,0.010402311
2024-04-16,0.0896278448753964,0.10054857,0.01054903
2024-04-17,0.0880313343616726,0.10508742,0.00962434
2024-04-18,0.0809605368129393,0.114372976,0.012458692
2024-04-19,0.0815691914563111,0.11856203,0.010847083
2024-04-22,0.0891448995638356,0.11862919,0.011076185
2024-04-23,0.0998218633156568,0.12817806,0.012085013
2024-04-24,0.0998432190457136,0.12949522,0.012740037
2024-04-25,0.0944867061906668,0.13057421,0.013254391
2024-04-26,0.1018993777672714,0.1347253,0.0106393
2024-04-29,0.1029870897540468,0.13491577,0.014780321
2024-04-30,0.1120383288473956,0.1385056,0.014076352
2024-05-01,0.1117639312138782,0.13776039,0.012777257
2024-05-02,0.1110846787639085,0.13486224,0.014628191
2024-05-03,0.1129083689269018,0.13673612,0.017973572
2024-05-06,0.1185956406151791,0.14096618,0.015534564
2024-05-07,0.118579834174708,0.14179718,0.013594646
2024-05-08,0.114129875201722,0.1466663,0.014129843
2024-05-09,0.1127155252494164,0.14437693,0.01437119
2024-05-10,0.1006582276718769,0.1356823,0.012597401
2024-05-13,0.0906577297652789,0.12358999,0.012946885
2024-05-14,0.0903803430112725,0.11425533,0.011640236
2024-05-15,0.0915991232198356,0.10811129,0.013593105
2024-05-16,0.0915259547578702,0.094440795,0.011121256
2024-05-17,0.0832572504618684,0.09139944,0.0129598165
2024-05-20,0.0815589537776462,0.07959847,0.012378878
2024-05-21,0.075981537273196,0.07917497,0.014473222
2024-05-22,0.0773771888826611,0.07601662,0.010352484
2024-05-23,0.0803929794728333,0.06750292,0.012140942
2024-05-24,0.0776919970722533,0.06591843,0.012852684
2024-05-28,0.0777629160449051,0.05933781,0.010609311
2024-05-29,0.0613392533948101,0.05929271,0.010017579
2024-05-30,0.0640172742556156,0.053660166,0.009464885
2024-05-31,0.0629550625592002,0.05602072,0.009193969
2024-06-03,0.0538827657318983,0.053112257,0.008495805
2024-06-04,0.0468367350843249,0.055367704,0.008069914
2024-06-05,0.0562367233585946,0.05437448,0.009165996
2024-06-06,0.0562896784249129,0.05917082,0.0072493833
2024-06-07,0.0557153421600444,0.060302712,0.007528872
2024-06-10,0.0558418175467307,0.06383457,0.008953249
2024-06-11,0.0557713408652915,0.061282177,0.008381005
2024-06-12,0.0587651733401787,0.062463306,0.008752709
2024-06-13,0.0501146381318217,0.060218558,0.009593537
2024-06-14,0.0493882118894567,0.06271265,0.0102094645
2024-06-17,0.0527243121161361,0.059687514,0.010040497
2024-06-18,0.0527513891005586,0.061679896,0.009892456
2024-06-20,0.0540592033949998,0.0630553,0.010182842
2024-06-21,0.0533731691649352,0.06276804,0.008898098
2024-06-24,0.0482541249486712,0.06489871,0.009464764
2024-06-25,0.0461307234751949,0.06327164,0.011411613
2024-06-26,0.0459728371481197,0.061218906,0.011003754
2024-06-27,0.0378754200540618,0.060699783,0.009957675
2024-06-28,0.0350663733793889,0.057060804,0.00962334
2024-07-01,0.0311546567942112,0.052799117,0.011871281
2024-07-02,0.033042087071475,0.0519572,0.010934628
2024-07-03,0.0339006096140757,0.051569764,0.008849955
2024-07-05,0.0243347107565491,0.05053193,0.010057637
2024-07-08,0.0238523349585965,0.049312796,0.012038463
2024-07-09,0.0227871943156102,0.04858983,0.010869966
2024-07-10,0.0302547641608838,0.053298745,0.009402415
2024-07-11,0.0428075558365333,0.054293323,0.0122141205
2024-07-12,0.0398309799783146,0.05653605,0.010521295
2024-07-15,0.0399081926544539,0.05609025,0.01027565
2024-07-16,0.0412835252144174,0.052998267,0.012069908
2024-07-17,0.0593172909278073,0.05828903,0.009772489
2024-07-18,0.0647858638641986,0.06260064,0.0131648015
2024-07-19,0.0683495135670387,0.075271495,0.013602982
2024-07-22,0.0751744966973642,0.0886019,0.013992347
2024-07-23,0.0745090436950517,0.09418965,0.01522121
2024-07-24,0.1069539804346323,0.10113331,0.015048392
2024-07-25,0.1078217785183107,0.116002806,0.012512452
2024-07-26,0.1144430258207058,0.12766996,0.015509698
2024-07-29,0.1136883493126839,0.13180345,0.014160558
2024-07-30,0.1144399079853549,0.13878766,0.015628736
2024-07-31,0.1245118758037108,0.14052144,0.012477434
2024-08-01,0.1313959133558611,0.14508753,0.0152664445
2024-08-02,0.1420463940811808,0.14897527,0.016909827
2024-08-05,0.1710289730848506,0.15507336,0.016530784
2024-08-06,0.1770516874410372,0.17967898,0.020625638
2024-08-07,0.1709967269070597,0.19246505,0.020600641
2024-08-08,0.1930462422144027,0.20779827,0.020537805
2024-08-09,0.1926335730871451,0.20844139,0.020015793
2024-08-12,0.1919120703729319,0.22311305,0.02413376
2024-08-13,0.201116055795788,0.22310597,0.024387365
2024-08-14,0.197212416715005,0.21834235,0.022940662
2024-08-15,0.2042481847958225,0.22640982,0.022136077
2024-08-16,0.2026504974503764,0.22284046,0.021981066
2024-08-19,0.2020027798566762,0.2175455,0.021501208
2024-08-20,0.2020603885476853,0.21173458,0.020433696
2024-08-21,0.182838161531478,0.21335767,0.019641954
2024-08-22,0.1850940783430905,0.20202038,0.021153888
2024-08-23,0.1853466911618484,0.19667491,0.018804627
2024-08-26,0.1860557490796783,0.19509597,0.017972196
2024-08-27,0.1846245179714321,0.18975422,0.019609118
2024-08-28,0.1791896721812242,0.18224686,0.019659989
2024-08-29,0.1715424315235478,0.17010766,0.015165861
2024-08-30,0.1581972844345922,0.15806863,0.015138765
2024-09-03,0.1369592828764459,0.13920757,0.012648099
2024-09-04,0.1354652602648728,0.13273078,0.015779689
2024-09-05,0.1320808935408672,0.12622933,0.017348303
2024-09-06,0.1290192652438162,0.124732316,0.012403111
2024-09-09,0.1333556408317294,0.12958041,0.015149233
2024-09-10,0.1337328046233449,0.1305906,0.013288769
2024-09-11,0.1269349427495218,0.13298178,0.014992957
2024-09-12,0.1284210766905636,0.1268902,0.014554936
2024-09-13,0.1187957920743538,0.12766957,0.012712297
2024-09-16,0.1187322790666398,0.13435572,0.015553035
2024-09-17,0.1145865767191492,0.13244231,0.014383883
2024-09-18,0.114827243136877,0.13581052,0.016210517
2024-09-19,0.1268669084752219,0.13568515,0.014419979
2024-09-20,0.1226523793790718,0.13378233,0.013238477
2024-09-23,0.1175778114675077,0.13851076,0.01518917
2024-09-24,0.1169111310138819,0.13998431,0.016067341
2024-09-25,0.1172724967072568,0.14267041,0.016497005
2024-09-26,0.1152236721124437,0.14542793,0.0145528065
2024-09-27,0.1154596580378248,0.13946229,0.015526648
2024-09-30,0.1119828218564189,0.133767,0.014950199
2024-10-01,0.0901292735699422,0.12914725,0.013307539
2024-10-02,0.089636881084207,0.1170971,0.01357
2024-10-03,0.0889848585597889,0.11088614,0.010104883
2024-10-04,0.06582340517739,0.10257653,0.01389931
2024-10-07,0.0706984002135518,0.09080263,0.013091385
2024-10-08,0.0742142154850877,0.089703694,0.012967152
2024-10-09,0.0709752495958975,0.07746573,0.011177371
2024-10-10,0.0698472629347752,0.07908831,0.010083956
2024-10-11,0.0702166615995178,0.07417688,0.009329514
2024-10-14,0.0725967979588497,0.074254334,0.011873294
2024-10-15,0.0784010581170825,0.07751659,0.0109338
2024-10-16,0.0775215916926226,0.0789989,0.010452205
2024-10-17,0.0610453002509156,0.07289083,0.009155097
2024-10-18,0.0608224081139935,0.07092872,0.010127664
2024-10-21,0.0613918956600059,0.07004161,0.009670381
2024-10-22,0.061428242496134,0.071640074,0.010607723
2024-10-23,0.0684270088543329,0.0704996,0.010815316
2024-10-24,0.0677520026577195,0.07348435,0.011085401
2024-10-25,0.0675642862786407,0.073569864,0.010507262
2024-10-28,0.0669050254851847,0.07812297,0.01123608
2024-10-29,0.0591148827194113,0.07649792,0.007806215
2024-10-30,0.0605042670995536,0.07308451,0.008702523
2024-10-31,0.0856913554395029,0.07212384,0.009353876
2024-11-01,0.0817010878970683,0.074648395,0.009367821
2024-11-04,0.0761912618654104,0.08125836,0.009044146
2024-11-05,0.0797783979531066,0.09173064,0.009008503
2024-11-06,0.1109855374581595,0.092997655,0.0099960035
2024-11-07,0.1121947129449944,0.1018436,0.011270751
2024-11-08,0.1114311844867949,0.10191904,0.010894857
2024-11-11,0.1094017730737792,0.10895197,0.010957668
2024-11-12,0.1061577574585582,0.11352215,0.013894091
2024-11-13,0.1056290460540126,0.11201082,0.012566122
2024-11-14,0.1082080942350044,0.105625115,0.01266531
2024-11-15,0.1171348527981015,0.10778673,0.011245211
2024-11-18,0.1176090733628255,0.11278756,0.010870487
2024-11-19,0.1181649868342155,0.11502561,0.011417645
2024-11-20,0.1132449249868185,0.117044725,0.010973615
2024-11-21,0.1140819573872064,0.114682816,0.012852751
2024-11-22,0.1141966432151089,0.11689303,0.013285082
2024-11-25,0.1142498655942366,0.11305672,0.013142216
2024-11-26,0.1151305160226051,0.11038403,0.012149862
2024-11-27,0.1153856743400019,0.1081732,0.011019626
2024-11-29,0.0925227505610814,0.10031196,0.014646916
2024-12-02,0.0924235182765611,0.0932166,0.012629944
2024-12-03,0.0909033876007178,0.084847994,0.01069427
2024-12-04,0.0861664008965475,0.08010022,0.013699602
2024-12-05,0.0484695855851844,0.07099136,0.011694861
2024-12-06,0.0450265710946607,0.0649507,0.010611397
2024-12-09,0.0485061818503537,0.06225113,0.009915251
2024-12-10,0.049465959627944,0.06352257,0.011777141
2024-12-11,0.0533807757223817,0.061776944,0.01010281
2024-12-12,0.0564569066558906,0.059801336,0.010946409
2024-12-13,0.0527016957975688,0.059270147,0.009784531
2024-12-16,0.0330400390931331,0.05281062,0.012050722
2024-12-17,0.035529462660392,0.0547211,0.008965252
2024-12-18,0.1011197057339676,0.051914643,0.010270931
2024-12-19,0.1011215838680404,0.0642849,0.011492751
2024-12-20,0.1060315416029974,0.08197642,0.011774799
2024-12-23,0.1081814696689126,0.0951626,0.0127056865
2024-12-24,0.1136607441642057,0.09118641,0.012389919
2024-12-26,0.1122103745469168,0.09842291,0.015202061
2024-12-27,0.1175760592047906,0.10998497,0.0134891635
2024-12-30,0.1206347954833714,0.10867439,0.010827032
